ORIGIN,DEP_DELAY
ATL,9.261146496815286
DTW,7.915269196822595
JFK,14.059171597633137
MSP,5.561779242174629
SEA,7.811088295687885
