continent,year,lifeExp
Africa,1952,39.1355
Africa,1957,41.26634615384614
Africa,1962,43.31944230769231
Africa,1967,45.33453846153846
Africa,1972,47.450942307692316
