,continent,year,lifeExp
0,Africa,1952,39.1355
1,Africa,1957,41.26634615384614
2,Africa,1962,43.31944230769231
3,Africa,1967,45.33453846153846
4,Africa,1972,47.450942307692316
