,continent,year,lifeExp,gdpPercap
0,Africa,1952,39.1355,1252.5724658211536
1,Africa,1957,41.26634615384614,1385.2360622557696
2,Africa,1962,43.31944230769231,1598.0788248461538
3,Africa,1967,45.33453846153846,2050.3638008576922
4,Africa,1972,47.450942307692316,2339.6156741980767
